card_id	deck	kind	source_chapter	prompt_language	answer_language	prompt	accepted_answers	distractors	explanation	lexical_ids	grammar_ids	geographic_ids	provenance_path	provenance_locator	provenance_evidence	examples	tags
nl-core-review-041-045/nl-sequence-vervolgens-next-step/target-to-source	Chapter 41-45	vocabulary	41	nl	en	vervolgens	["next; subsequently"]	[]	vervolgens reviews the canonical next; subsequently sense first introduced in Chapter 41.	["nl.sequence.vervolgens", "nl.sequence.vervolgens.next-step"]	[]	[]	units/dutch-core/chapter-041-counting-stock-in-the-shop/chapter.md	Dialogue > line 2	Eerst tellen we de dozen; vervolgens vullen we de plank.	["Eerst tellen we de dozen; vervolgens vullen we de plank.", "Vervolgens zet ik de dozen in de kast."]	["dutch", "review-deck", "chapter-041-045", "vocabulary", "target-to-source"]
nl-core-review-041-045/nl-sequence-vervolgens-next-step/source-to-target	Chapter 41-45	vocabulary	41	en	nl	next; subsequently	["vervolgens"]	[]	next; subsequently reviews the canonical vervolgens sense first introduced in Chapter 41.	["nl.sequence.vervolgens", "nl.sequence.vervolgens.next-step"]	[]	[]	units/dutch-core/chapter-041-counting-stock-in-the-shop/chapter.md	Dialogue > line 2	Eerst tellen we de dozen; vervolgens vullen we de plank.	["Eerst tellen we de dozen; vervolgens vullen we de plank.", "Vervolgens zet ik de dozen in de kast."]	["dutch", "review-deck", "chapter-041-045", "vocabulary", "source-to-target"]
nl-core-review-041-045/nl-numeral-nul-zero/target-to-source	Chapter 41-45	vocabulary	41	nl	en	nul	["0", "zero"]	[]	nul is the Dutch number word for 0, first introduced in Chapter 41. This direction tests number words to Arabic digits in a literal reading context.	["nl.numeral.nul", "nl.numeral.nul.zero"]	[]	[]	units/dutch-core/chapter-041-counting-stock-in-the-shop/chapter.md	Dialogue > line 7	Op de lijst staan vijf glazen, maar hier staan er nul.	["Op de lijst staan vijf glazen, maar hier staan er nul."]	["dutch", "review-deck", "chapter-041-045", "vocabulary", "number", "words-to-digits", "target-to-source"]
nl-core-review-041-045/nl-numeral-nul-zero/source-to-target	Chapter 41-45	vocabulary	41	en	nl	0	["nul"]	[]	0 reviews the canonical Dutch number word nul, first introduced in Chapter 41. This direction tests Arabic digits to Dutch number words in a literal reading context.	["nl.numeral.nul", "nl.numeral.nul.zero"]	[]	[]	units/dutch-core/chapter-041-counting-stock-in-the-shop/chapter.md	Dialogue > line 7	Op de lijst staan vijf glazen, maar hier staan er nul.	["Op de lijst staan vijf glazen, maar hier staan er nul."]	["dutch", "review-deck", "chapter-041-045", "vocabulary", "number", "digits-to-words", "source-to-target"]
nl-core-review-041-045/nl-numeral-een-one/target-to-source	Chapter 41-45	vocabulary	41	nl	en	één	["1", "one"]	[]	één is the Dutch number word for 1, first introduced in Chapter 41. This direction tests number words to Arabic digits in a literal reading context.	["nl.numeral.een", "nl.numeral.een.one"]	[]	[]	units/dutch-core/chapter-041-counting-stock-in-the-shop/chapter.md	Dialogue > line 6	Hier liggen twee spiegels en één klok.	["Hier liggen twee spiegels en één klok."]	["dutch", "review-deck", "chapter-041-045", "vocabulary", "number", "words-to-digits", "target-to-source"]
nl-core-review-041-045/nl-numeral-een-one/source-to-target	Chapter 41-45	vocabulary	41	en	nl	1	["één"]	[]	1 reviews the canonical Dutch number word één, first introduced in Chapter 41. This direction tests Arabic digits to Dutch number words in a literal reading context.	["nl.numeral.een", "nl.numeral.een.one"]	[]	[]	units/dutch-core/chapter-041-counting-stock-in-the-shop/chapter.md	Dialogue > line 6	Hier liggen twee spiegels en één klok.	["Hier liggen twee spiegels en één klok."]	["dutch", "review-deck", "chapter-041-045", "vocabulary", "number", "digits-to-words", "source-to-target"]
nl-core-review-041-045/nl-numeral-twee-two/target-to-source	Chapter 41-45	vocabulary	41	nl	en	twee	["2", "two"]	[]	twee is the Dutch number word for 2, first introduced in Chapter 41. This direction tests number words to Arabic digits in a literal reading context.	["nl.numeral.twee", "nl.numeral.twee.two"]	[]	[]	units/dutch-core/chapter-041-counting-stock-in-the-shop/chapter.md	Dialogue > line 5	In de tweede doos zitten drie vazen.	["In de tweede doos zitten drie vazen.", "Hier liggen twee spiegels en één klok."]	["dutch", "review-deck", "chapter-041-045", "vocabulary", "number", "words-to-digits", "target-to-source"]
nl-core-review-041-045/nl-numeral-twee-two/source-to-target	Chapter 41-45	vocabulary	41	en	nl	2	["twee"]	[]	2 reviews the canonical Dutch number word twee, first introduced in Chapter 41. This direction tests Arabic digits to Dutch number words in a literal reading context.	["nl.numeral.twee", "nl.numeral.twee.two"]	[]	[]	units/dutch-core/chapter-041-counting-stock-in-the-shop/chapter.md	Dialogue > line 5	In de tweede doos zitten drie vazen.	["In de tweede doos zitten drie vazen.", "Hier liggen twee spiegels en één klok."]	["dutch", "review-deck", "chapter-041-045", "vocabulary", "number", "digits-to-words", "source-to-target"]
nl-core-review-041-045/nl-numeral-drie-three/target-to-source	Chapter 41-45	vocabulary	41	nl	en	drie	["3", "three"]	[]	drie is the Dutch number word for 3, first introduced in Chapter 41. This direction tests number words to Arabic digits in a literal reading context.	["nl.numeral.drie", "nl.numeral.drie.three"]	[]	[]	units/dutch-core/chapter-041-counting-stock-in-the-shop/chapter.md	Dialogue > line 5	In de tweede doos zitten drie vazen.	["In de tweede doos zitten drie vazen."]	["dutch", "review-deck", "chapter-041-045", "vocabulary", "number", "words-to-digits", "target-to-source"]
nl-core-review-041-045/nl-numeral-drie-three/source-to-target	Chapter 41-45	vocabulary	41	en	nl	3	["drie"]	[]	3 reviews the canonical Dutch number word drie, first introduced in Chapter 41. This direction tests Arabic digits to Dutch number words in a literal reading context.	["nl.numeral.drie", "nl.numeral.drie.three"]	[]	[]	units/dutch-core/chapter-041-counting-stock-in-the-shop/chapter.md	Dialogue > line 5	In de tweede doos zitten drie vazen.	["In de tweede doos zitten drie vazen."]	["dutch", "review-deck", "chapter-041-045", "vocabulary", "number", "digits-to-words", "source-to-target"]
nl-core-review-041-045/nl-numeral-vier-four/target-to-source	Chapter 41-45	vocabulary	41	nl	en	vier	["4", "four"]	[]	vier is the Dutch number word for 4, first introduced in Chapter 41. This direction tests number words to Arabic digits in a literal reading context.	["nl.numeral.vier", "nl.numeral.vier.four"]	[]	[]	units/dutch-core/chapter-041-counting-stock-in-the-shop/chapter.md	Dialogue > line 4	In de eerste doos zitten vier lampen.	["In de eerste doos zitten vier lampen."]	["dutch", "review-deck", "chapter-041-045", "vocabulary", "number", "words-to-digits", "target-to-source"]
nl-core-review-041-045/nl-numeral-vier-four/source-to-target	Chapter 41-45	vocabulary	41	en	nl	4	["vier"]	[]	4 reviews the canonical Dutch number word vier, first introduced in Chapter 41. This direction tests Arabic digits to Dutch number words in a literal reading context.	["nl.numeral.vier", "nl.numeral.vier.four"]	[]	[]	units/dutch-core/chapter-041-counting-stock-in-the-shop/chapter.md	Dialogue > line 4	In de eerste doos zitten vier lampen.	["In de eerste doos zitten vier lampen."]	["dutch", "review-deck", "chapter-041-045", "vocabulary", "number", "digits-to-words", "source-to-target"]
nl-core-review-041-045/nl-numeral-vijf-five/target-to-source	Chapter 41-45	vocabulary	41	nl	en	vijf	["5", "five"]	[]	vijf is the Dutch number word for 5, first introduced in Chapter 41. This direction tests number words to Arabic digits in a literal reading context.	["nl.numeral.vijf", "nl.numeral.vijf.five"]	[]	[]	units/dutch-core/chapter-041-counting-stock-in-the-shop/chapter.md	Dialogue > line 3	Ik tel vijf dozen.	["Ik tel vijf dozen.", "Op de lijst staan vijf glazen, maar hier staan er nul."]	["dutch", "review-deck", "chapter-041-045", "vocabulary", "number", "words-to-digits", "target-to-source"]
nl-core-review-041-045/nl-numeral-vijf-five/source-to-target	Chapter 41-45	vocabulary	41	en	nl	5	["vijf"]	[]	5 reviews the canonical Dutch number word vijf, first introduced in Chapter 41. This direction tests Arabic digits to Dutch number words in a literal reading context.	["nl.numeral.vijf", "nl.numeral.vijf.five"]	[]	[]	units/dutch-core/chapter-041-counting-stock-in-the-shop/chapter.md	Dialogue > line 3	Ik tel vijf dozen.	["Ik tel vijf dozen.", "Op de lijst staan vijf glazen, maar hier staan er nul."]	["dutch", "review-deck", "chapter-041-045", "vocabulary", "number", "digits-to-words", "source-to-target"]
nl-core-review-041-045/nl-noun-voorraad-stock/target-to-source	Chapter 41-45	vocabulary	41	nl	en	de voorraad	["stock; inventory"]	[]	de voorraad reviews the canonical stock; inventory sense first introduced in Chapter 41.	["nl.noun.voorraad", "nl.noun.voorraad.stock"]	[]	[]	units/dutch-core/chapter-041-counting-stock-in-the-shop/chapter.md	Dialogue > line 11	De voorraad klopt nu precies.	["De voorraad klopt nu precies."]	["dutch", "review-deck", "chapter-041-045", "vocabulary", "target-to-source"]
nl-core-review-041-045/nl-noun-voorraad-stock/source-to-target	Chapter 41-45	vocabulary	41	en	nl	stock; inventory	["de voorraad"]	[]	stock; inventory reviews the canonical de voorraad sense first introduced in Chapter 41.	["nl.noun.voorraad", "nl.noun.voorraad.stock"]	[]	[]	units/dutch-core/chapter-041-counting-stock-in-the-shop/chapter.md	Dialogue > line 11	De voorraad klopt nu precies.	["De voorraad klopt nu precies."]	["dutch", "review-deck", "chapter-041-045", "vocabulary", "source-to-target"]
nl-core-review-041-045/nl-noun-levering-shop-delivery/target-to-source	Chapter 41-45	vocabulary	41	nl	en	de levering	["delivery"]	[]	de levering reviews the canonical delivery sense first introduced in Chapter 41.	["nl.noun.levering", "nl.noun.levering.shop-delivery"]	[]	[]	units/dutch-core/chapter-041-counting-stock-in-the-shop/chapter.md	Dialogue > line 1	Er staat een nieuwe levering bij de deur.	["Er staat een nieuwe levering bij de deur."]	["dutch", "review-deck", "chapter-041-045", "vocabulary", "target-to-source"]
nl-core-review-041-045/nl-noun-levering-shop-delivery/source-to-target	Chapter 41-45	vocabulary	41	en	nl	delivery	["de levering"]	[]	delivery reviews the canonical de levering sense first introduced in Chapter 41.	["nl.noun.levering", "nl.noun.levering.shop-delivery"]	[]	[]	units/dutch-core/chapter-041-counting-stock-in-the-shop/chapter.md	Dialogue > line 1	Er staat een nieuwe levering bij de deur.	["Er staat een nieuwe levering bij de deur."]	["dutch", "review-deck", "chapter-041-045", "vocabulary", "source-to-target"]
nl-core-review-041-045/nl-conjunction-bovendien-addition/target-to-source	Chapter 41-45	vocabulary	42	nl	en	bovendien	["moreover; in addition"]	[]	bovendien reviews the canonical moreover; in addition sense first introduced in Chapter 42.	["nl.conjunction.bovendien", "nl.conjunction.bovendien.addition"]	[]	[]	units/dutch-core/chapter-042-ten-breakfast-orders/chapter.md	Narrative > paragraph 1 > sentence 2	Bovendien komen er vier nieuwe bestellingen binnen.	["Bovendien komen er vier nieuwe bestellingen binnen.", "Bovendien vult hij zes glazen met water."]	["dutch", "review-deck", "chapter-041-045", "vocabulary", "target-to-source"]
nl-core-review-041-045/nl-conjunction-bovendien-addition/source-to-target	Chapter 41-45	vocabulary	42	en	nl	moreover; in addition	["bovendien"]	[]	moreover; in addition reviews the canonical bovendien sense first introduced in Chapter 42.	["nl.conjunction.bovendien", "nl.conjunction.bovendien.addition"]	[]	[]	units/dutch-core/chapter-042-ten-breakfast-orders/chapter.md	Narrative > paragraph 1 > sentence 2	Bovendien komen er vier nieuwe bestellingen binnen.	["Bovendien komen er vier nieuwe bestellingen binnen.", "Bovendien vult hij zes glazen met water."]	["dutch", "review-deck", "chapter-041-045", "vocabulary", "source-to-target"]
nl-core-review-041-045/nl-numeral-zes-six/target-to-source	Chapter 41-45	vocabulary	42	nl	en	zes	["6", "six"]	[]	zes is the Dutch number word for 6, first introduced in Chapter 42. This direction tests number words to Arabic digits in a literal reading context.	["nl.numeral.zes", "nl.numeral.zes.six"]	[]	[]	units/dutch-core/chapter-042-ten-breakfast-orders/chapter.md	Narrative > paragraph 1 > sentence 1	Milan leest zes bestellingen bij de kassa.	["Milan leest zes bestellingen bij de kassa.", "Bovendien vult hij zes glazen met water."]	["dutch", "review-deck", "chapter-041-045", "vocabulary", "number", "words-to-digits", "target-to-source"]
nl-core-review-041-045/nl-numeral-zes-six/source-to-target	Chapter 41-45	vocabulary	42	en	nl	6	["zes"]	[]	6 reviews the canonical Dutch number word zes, first introduced in Chapter 42. This direction tests Arabic digits to Dutch number words in a literal reading context.	["nl.numeral.zes", "nl.numeral.zes.six"]	[]	[]	units/dutch-core/chapter-042-ten-breakfast-orders/chapter.md	Narrative > paragraph 1 > sentence 1	Milan leest zes bestellingen bij de kassa.	["Milan leest zes bestellingen bij de kassa.", "Bovendien vult hij zes glazen met water."]	["dutch", "review-deck", "chapter-041-045", "vocabulary", "number", "digits-to-words", "source-to-target"]
nl-core-review-041-045/nl-numeral-zeven-seven/target-to-source	Chapter 41-45	vocabulary	42	nl	en	zeven	["7", "seven"]	[]	zeven is the Dutch number word for 7, first introduced in Chapter 42. This direction tests number words to Arabic digits in a literal reading context.	["nl.numeral.zeven", "nl.numeral.zeven.seven"]	[]	[]	units/dutch-core/chapter-042-ten-breakfast-orders/chapter.md	Narrative > paragraph 2 > sentence 1	Mark brengt zeven borden uit de keuken.	["Mark brengt zeven borden uit de keuken."]	["dutch", "review-deck", "chapter-041-045", "vocabulary", "number", "words-to-digits", "target-to-source"]
nl-core-review-041-045/nl-numeral-zeven-seven/source-to-target	Chapter 41-45	vocabulary	42	en	nl	7	["zeven"]	[]	7 reviews the canonical Dutch number word zeven, first introduced in Chapter 42. This direction tests Arabic digits to Dutch number words in a literal reading context.	["nl.numeral.zeven", "nl.numeral.zeven.seven"]	[]	[]	units/dutch-core/chapter-042-ten-breakfast-orders/chapter.md	Narrative > paragraph 2 > sentence 1	Mark brengt zeven borden uit de keuken.	["Mark brengt zeven borden uit de keuken."]	["dutch", "review-deck", "chapter-041-045", "vocabulary", "number", "digits-to-words", "source-to-target"]
nl-core-review-041-045/nl-noun-bestelling-food-order/target-to-source	Chapter 41-45	vocabulary	42	nl	en	de bestelling	["order"]	[]	de bestelling reviews the canonical order sense first introduced in Chapter 42.	["nl.noun.bestelling", "nl.noun.bestelling.food-order"]	[]	[]	units/dutch-core/chapter-042-ten-breakfast-orders/chapter.md	Narrative > paragraph 1 > sentence 1	Milan leest zes bestellingen bij de kassa.	["Milan leest zes bestellingen bij de kassa.", "Bovendien komen er vier nieuwe bestellingen binnen.", "Mark helpt, omdat de bestelling groot is."]	["dutch", "review-deck", "chapter-041-045", "vocabulary", "target-to-source"]
nl-core-review-041-045/nl-noun-bestelling-food-order/source-to-target	Chapter 41-45	vocabulary	42	en	nl	order	["de bestelling"]	[]	order reviews the canonical de bestelling sense first introduced in Chapter 42.	["nl.noun.bestelling", "nl.noun.bestelling.food-order"]	[]	[]	units/dutch-core/chapter-042-ten-breakfast-orders/chapter.md	Narrative > paragraph 1 > sentence 1	Milan leest zes bestellingen bij de kassa.	["Milan leest zes bestellingen bij de kassa.", "Bovendien komen er vier nieuwe bestellingen binnen.", "Mark helpt, omdat de bestelling groot is."]	["dutch", "review-deck", "chapter-041-045", "vocabulary", "source-to-target"]
nl-core-review-041-045/nl-noun-ontbijttafel-breakfast-table/target-to-source	Chapter 41-45	vocabulary	42	nl	en	de ontbijttafel	["breakfast table"]	[]	de ontbijttafel reviews the canonical breakfast table sense first introduced in Chapter 42.	["nl.noun.ontbijttafel", "nl.noun.ontbijttafel.breakfast-table"]	[]	[]	units/dutch-core/chapter-042-ten-breakfast-orders/chapter.md	Narrative > paragraph 1 > sentence 4	Lotte zet negen kopjes op de ontbijttafel.	["Lotte zet negen kopjes op de ontbijttafel."]	["dutch", "review-deck", "chapter-041-045", "vocabulary", "target-to-source"]
nl-core-review-041-045/nl-noun-ontbijttafel-breakfast-table/source-to-target	Chapter 41-45	vocabulary	42	en	nl	breakfast table	["de ontbijttafel"]	[]	breakfast table reviews the canonical de ontbijttafel sense first introduced in Chapter 42.	["nl.noun.ontbijttafel", "nl.noun.ontbijttafel.breakfast-table"]	[]	[]	units/dutch-core/chapter-042-ten-breakfast-orders/chapter.md	Narrative > paragraph 1 > sentence 4	Lotte zet negen kopjes op de ontbijttafel.	["Lotte zet negen kopjes op de ontbijttafel."]	["dutch", "review-deck", "chapter-041-045", "vocabulary", "source-to-target"]
nl-core-review-041-045/nl-noun-croissant-croissant/target-to-source	Chapter 41-45	vocabulary	42	nl	en	de croissant	["croissant"]	[]	de croissant reviews the canonical croissant sense first introduced in Chapter 42.	["nl.noun.croissant", "nl.noun.croissant.croissant"]	[]	[]	units/dutch-core/chapter-042-ten-breakfast-orders/chapter.md	Narrative > paragraph 2 > sentence 2	Milan telt acht croissants en twee broodjes.	["Milan telt acht croissants en twee broodjes."]	["dutch", "review-deck", "chapter-041-045", "vocabulary", "target-to-source"]
nl-core-review-041-045/nl-noun-croissant-croissant/source-to-target	Chapter 41-45	vocabulary	42	en	nl	croissant	["de croissant"]	[]	croissant reviews the canonical de croissant sense first introduced in Chapter 42.	["nl.noun.croissant", "nl.noun.croissant.croissant"]	[]	[]	units/dutch-core/chapter-042-ten-breakfast-orders/chapter.md	Narrative > paragraph 2 > sentence 2	Milan telt acht croissants en twee broodjes.	["Milan telt acht croissants en twee broodjes."]	["dutch", "review-deck", "chapter-041-045", "vocabulary", "source-to-target"]
nl-core-review-041-045/nl-adverb-toch-unexpected-result/target-to-source	Chapter 41-45	vocabulary	43	nl	en	toch	["nevertheless; still"]	[]	toch reviews the canonical nevertheless; still sense first introduced in Chapter 43.	["nl.adverb.toch", "nl.adverb.toch.unexpected-result"]	[]	[]	units/dutch-core/chapter-043-the-school-sports-day/chapter.md	Dialogue > line 1	Het regent, maar de wedstrijd gaat toch door.	["Het regent, maar de wedstrijd gaat toch door.", "Negentien leerlingen komen toch nog over de finish.", "Mooi, maar we helpen toch eerst de andere groep."]	["dutch", "review-deck", "chapter-041-045", "vocabulary", "target-to-source"]
nl-core-review-041-045/nl-adverb-toch-unexpected-result/source-to-target	Chapter 41-45	vocabulary	43	en	nl	nevertheless; still	["toch"]	[]	nevertheless; still reviews the canonical toch sense first introduced in Chapter 43.	["nl.adverb.toch", "nl.adverb.toch.unexpected-result"]	[]	[]	units/dutch-core/chapter-043-the-school-sports-day/chapter.md	Dialogue > line 1	Het regent, maar de wedstrijd gaat toch door.	["Het regent, maar de wedstrijd gaat toch door.", "Negentien leerlingen komen toch nog over de finish.", "Mooi, maar we helpen toch eerst de andere groep."]	["dutch", "review-deck", "chapter-041-045", "vocabulary", "source-to-target"]
nl-core-review-041-045/nl-numeral-twaalf-twelve/target-to-source	Chapter 41-45	vocabulary	43	nl	en	twaalf	["12", "twelve"]	[]	twaalf is the Dutch number word for 12, first introduced in Chapter 43. This direction tests number words to Arabic digits in a literal reading context.	["nl.numeral.twaalf", "nl.numeral.twaalf.twelve"]	[]	[]	units/dutch-core/chapter-043-the-school-sports-day/chapter.md	Dialogue > line 3	De tweede groep heeft twaalf punten.	["De tweede groep heeft twaalf punten."]	["dutch", "review-deck", "chapter-041-045", "vocabulary", "number", "words-to-digits", "target-to-source"]
nl-core-review-041-045/nl-numeral-twaalf-twelve/source-to-target	Chapter 41-45	vocabulary	43	en	nl	12	["twaalf"]	[]	12 reviews the canonical Dutch number word twaalf, first introduced in Chapter 43. This direction tests Arabic digits to Dutch number words in a literal reading context.	["nl.numeral.twaalf", "nl.numeral.twaalf.twelve"]	[]	[]	units/dutch-core/chapter-043-the-school-sports-day/chapter.md	Dialogue > line 3	De tweede groep heeft twaalf punten.	["De tweede groep heeft twaalf punten."]	["dutch", "review-deck", "chapter-041-045", "vocabulary", "number", "digits-to-words", "source-to-target"]
nl-core-review-041-045/nl-numeral-dertien-thirteen/target-to-source	Chapter 41-45	vocabulary	43	nl	en	dertien	["13", "thirteen"]	[]	dertien is the Dutch number word for 13, first introduced in Chapter 43. This direction tests number words to Arabic digits in a literal reading context.	["nl.numeral.dertien", "nl.numeral.dertien.thirteen"]	[]	[]	units/dutch-core/chapter-043-the-school-sports-day/chapter.md	Dialogue > line 4	Wij hebben dertien punten na het lopen.	["Wij hebben dertien punten na het lopen."]	["dutch", "review-deck", "chapter-041-045", "vocabulary", "number", "words-to-digits", "target-to-source"]
nl-core-review-041-045/nl-numeral-dertien-thirteen/source-to-target	Chapter 41-45	vocabulary	43	en	nl	13	["dertien"]	[]	13 reviews the canonical Dutch number word dertien, first introduced in Chapter 43. This direction tests Arabic digits to Dutch number words in a literal reading context.	["nl.numeral.dertien", "nl.numeral.dertien.thirteen"]	[]	[]	units/dutch-core/chapter-043-the-school-sports-day/chapter.md	Dialogue > line 4	Wij hebben dertien punten na het lopen.	["Wij hebben dertien punten na het lopen."]	["dutch", "review-deck", "chapter-041-045", "vocabulary", "number", "digits-to-words", "source-to-target"]
nl-core-review-041-045/nl-numeral-veertien-fourteen/target-to-source	Chapter 41-45	vocabulary	43	nl	en	veertien	["14", "fourteen"]	[]	veertien is the Dutch number word for 14, first introduced in Chapter 43. This direction tests number words to Arabic digits in a literal reading context.	["nl.numeral.veertien", "nl.numeral.veertien.fourteen"]	[]	[]	units/dutch-core/chapter-043-the-school-sports-day/chapter.md	Dialogue > line 5	De volgende teams hebben veertien en vijftien punten.	["De volgende teams hebben veertien en vijftien punten."]	["dutch", "review-deck", "chapter-041-045", "vocabulary", "number", "words-to-digits", "target-to-source"]
nl-core-review-041-045/nl-numeral-veertien-fourteen/source-to-target	Chapter 41-45	vocabulary	43	en	nl	14	["veertien"]	[]	14 reviews the canonical Dutch number word veertien, first introduced in Chapter 43. This direction tests Arabic digits to Dutch number words in a literal reading context.	["nl.numeral.veertien", "nl.numeral.veertien.fourteen"]	[]	[]	units/dutch-core/chapter-043-the-school-sports-day/chapter.md	Dialogue > line 5	De volgende teams hebben veertien en vijftien punten.	["De volgende teams hebben veertien en vijftien punten."]	["dutch", "review-deck", "chapter-041-045", "vocabulary", "number", "digits-to-words", "source-to-target"]
nl-core-review-041-045/nl-numeral-vijftien-fifteen/target-to-source	Chapter 41-45	vocabulary	43	nl	en	vijftien	["15", "fifteen"]	[]	vijftien is the Dutch number word for 15, first introduced in Chapter 43. This direction tests number words to Arabic digits in a literal reading context.	["nl.numeral.vijftien", "nl.numeral.vijftien.fifteen"]	[]	[]	units/dutch-core/chapter-043-the-school-sports-day/chapter.md	Dialogue > line 5	De volgende teams hebben veertien en vijftien punten.	["De volgende teams hebben veertien en vijftien punten."]	["dutch", "review-deck", "chapter-041-045", "vocabulary", "number", "words-to-digits", "target-to-source"]
nl-core-review-041-045/nl-numeral-vijftien-fifteen/source-to-target	Chapter 41-45	vocabulary	43	en	nl	15	["vijftien"]	[]	15 reviews the canonical Dutch number word vijftien, first introduced in Chapter 43. This direction tests Arabic digits to Dutch number words in a literal reading context.	["nl.numeral.vijftien", "nl.numeral.vijftien.fifteen"]	[]	[]	units/dutch-core/chapter-043-the-school-sports-day/chapter.md	Dialogue > line 5	De volgende teams hebben veertien en vijftien punten.	["De volgende teams hebben veertien en vijftien punten."]	["dutch", "review-deck", "chapter-041-045", "vocabulary", "number", "digits-to-words", "source-to-target"]
nl-core-review-041-045/nl-numeral-zestien-sixteen/target-to-source	Chapter 41-45	vocabulary	43	nl	en	zestien	["16", "sixteen"]	[]	zestien is the Dutch number word for 16, first introduced in Chapter 43. This direction tests number words to Arabic digits in a literal reading context.	["nl.numeral.zestien", "nl.numeral.zestien.sixteen"]	[]	[]	units/dutch-core/chapter-043-the-school-sports-day/chapter.md	Dialogue > line 6	Milan krijgt zestien punten voor het fietsen.	["Milan krijgt zestien punten voor het fietsen."]	["dutch", "review-deck", "chapter-041-045", "vocabulary", "number", "words-to-digits", "target-to-source"]
nl-core-review-041-045/nl-numeral-zestien-sixteen/source-to-target	Chapter 41-45	vocabulary	43	en	nl	16	["zestien"]	[]	16 reviews the canonical Dutch number word zestien, first introduced in Chapter 43. This direction tests Arabic digits to Dutch number words in a literal reading context.	["nl.numeral.zestien", "nl.numeral.zestien.sixteen"]	[]	[]	units/dutch-core/chapter-043-the-school-sports-day/chapter.md	Dialogue > line 6	Milan krijgt zestien punten voor het fietsen.	["Milan krijgt zestien punten voor het fietsen."]	["dutch", "review-deck", "chapter-041-045", "vocabulary", "number", "digits-to-words", "source-to-target"]
nl-core-review-041-045/nl-numeral-zeventien-seventeen/target-to-source	Chapter 41-45	vocabulary	43	nl	en	zeventien	["17", "seventeen"]	[]	zeventien is the Dutch number word for 17, first introduced in Chapter 43. This direction tests number words to Arabic digits in a literal reading context.	["nl.numeral.zeventien", "nl.numeral.zeventien.seventeen"]	[]	[]	units/dutch-core/chapter-043-the-school-sports-day/chapter.md	Dialogue > line 7	Sophie heeft zeventien punten bij het springen.	["Sophie heeft zeventien punten bij het springen."]	["dutch", "review-deck", "chapter-041-045", "vocabulary", "number", "words-to-digits", "target-to-source"]
nl-core-review-041-045/nl-numeral-zeventien-seventeen/source-to-target	Chapter 41-45	vocabulary	43	en	nl	17	["zeventien"]	[]	17 reviews the canonical Dutch number word zeventien, first introduced in Chapter 43. This direction tests Arabic digits to Dutch number words in a literal reading context.	["nl.numeral.zeventien", "nl.numeral.zeventien.seventeen"]	[]	[]	units/dutch-core/chapter-043-the-school-sports-day/chapter.md	Dialogue > line 7	Sophie heeft zeventien punten bij het springen.	["Sophie heeft zeventien punten bij het springen."]	["dutch", "review-deck", "chapter-041-045", "vocabulary", "number", "digits-to-words", "source-to-target"]
nl-core-review-041-045/nl-numeral-achttien-eighteen/target-to-source	Chapter 41-45	vocabulary	43	nl	en	achttien	["18", "eighteen"]	[]	achttien is the Dutch number word for 18, first introduced in Chapter 43. This direction tests number words to Arabic digits in a literal reading context.	["nl.numeral.achttien", "nl.numeral.achttien.eighteen"]	[]	[]	units/dutch-core/chapter-043-the-school-sports-day/chapter.md	Dialogue > line 8	Alex telt achttien deelnemers op het veld.	["Alex telt achttien deelnemers op het veld."]	["dutch", "review-deck", "chapter-041-045", "vocabulary", "number", "words-to-digits", "target-to-source"]
nl-core-review-041-045/nl-numeral-achttien-eighteen/source-to-target	Chapter 41-45	vocabulary	43	en	nl	18	["achttien"]	[]	18 reviews the canonical Dutch number word achttien, first introduced in Chapter 43. This direction tests Arabic digits to Dutch number words in a literal reading context.	["nl.numeral.achttien", "nl.numeral.achttien.eighteen"]	[]	[]	units/dutch-core/chapter-043-the-school-sports-day/chapter.md	Dialogue > line 8	Alex telt achttien deelnemers op het veld.	["Alex telt achttien deelnemers op het veld."]	["dutch", "review-deck", "chapter-041-045", "vocabulary", "number", "digits-to-words", "source-to-target"]
nl-core-review-041-045/nl-numeral-negentien-nineteen/target-to-source	Chapter 41-45	vocabulary	43	nl	en	negentien	["19", "nineteen"]	[]	negentien is the Dutch number word for 19, first introduced in Chapter 43. This direction tests number words to Arabic digits in a literal reading context.	["nl.numeral.negentien", "nl.numeral.negentien.nineteen"]	[]	[]	units/dutch-core/chapter-043-the-school-sports-day/chapter.md	Dialogue > line 9	Negentien leerlingen komen toch nog over de finish.	["Negentien leerlingen komen toch nog over de finish."]	["dutch", "review-deck", "chapter-041-045", "vocabulary", "number", "words-to-digits", "target-to-source"]
nl-core-review-041-045/nl-numeral-negentien-nineteen/source-to-target	Chapter 41-45	vocabulary	43	en	nl	19	["negentien"]	[]	19 reviews the canonical Dutch number word negentien, first introduced in Chapter 43. This direction tests Arabic digits to Dutch number words in a literal reading context.	["nl.numeral.negentien", "nl.numeral.negentien.nineteen"]	[]	[]	units/dutch-core/chapter-043-the-school-sports-day/chapter.md	Dialogue > line 9	Negentien leerlingen komen toch nog over de finish.	["Negentien leerlingen komen toch nog over de finish."]	["dutch", "review-deck", "chapter-041-045", "vocabulary", "number", "digits-to-words", "source-to-target"]
nl-core-review-041-045/nl-numeral-twintig-twenty/target-to-source	Chapter 41-45	vocabulary	43	nl	en	twintig	["20", "twenty"]	[]	twintig is the Dutch number word for 20, first introduced in Chapter 43. This direction tests number words to Arabic digits in a literal reading context.	["nl.numeral.twintig", "nl.numeral.twintig.twenty"]	[]	[]	units/dutch-core/chapter-043-the-school-sports-day/chapter.md	Dialogue > line 10	Milan heeft nu twintig punten.	["Milan heeft nu twintig punten."]	["dutch", "review-deck", "chapter-041-045", "vocabulary", "number", "words-to-digits", "target-to-source"]
nl-core-review-041-045/nl-numeral-twintig-twenty/source-to-target	Chapter 41-45	vocabulary	43	en	nl	20	["twintig"]	[]	20 reviews the canonical Dutch number word twintig, first introduced in Chapter 43. This direction tests Arabic digits to Dutch number words in a literal reading context.	["nl.numeral.twintig", "nl.numeral.twintig.twenty"]	[]	[]	units/dutch-core/chapter-043-the-school-sports-day/chapter.md	Dialogue > line 10	Milan heeft nu twintig punten.	["Milan heeft nu twintig punten."]	["dutch", "review-deck", "chapter-041-045", "vocabulary", "number", "digits-to-words", "source-to-target"]
nl-core-review-041-045/nl-adverb-daarentegen-contrast-comparison/target-to-source	Chapter 41-45	vocabulary	44	nl	en	daarentegen	["by contrast"]	[]	daarentegen reviews the canonical by contrast sense first introduced in Chapter 44.	["nl.adverb.daarentegen", "nl.adverb.daarentegen.contrast-comparison"]	[]	[]	units/dutch-core/chapter-044-books-for-the-reading-club/chapter.md	Narrative > paragraph 1 > sentence 3	De kleine kast is vol; de grote kast is daarentegen leeg.	["De kleine kast is vol; de grote kast is daarentegen leeg.", "Lotte bewaart daarentegen de oude lijst voor controle."]	["dutch", "review-deck", "chapter-041-045", "vocabulary", "target-to-source"]
nl-core-review-041-045/nl-adverb-daarentegen-contrast-comparison/source-to-target	Chapter 41-45	vocabulary	44	en	nl	by contrast	["daarentegen"]	[]	by contrast reviews the canonical daarentegen sense first introduced in Chapter 44.	["nl.adverb.daarentegen", "nl.adverb.daarentegen.contrast-comparison"]	[]	[]	units/dutch-core/chapter-044-books-for-the-reading-club/chapter.md	Narrative > paragraph 1 > sentence 3	De kleine kast is vol; de grote kast is daarentegen leeg.	["De kleine kast is vol; de grote kast is daarentegen leeg.", "Lotte bewaart daarentegen de oude lijst voor controle."]	["dutch", "review-deck", "chapter-041-045", "vocabulary", "source-to-target"]
nl-core-review-041-045/nl-numeral-dertig-thirty/target-to-source	Chapter 41-45	vocabulary	44	nl	en	dertig	["30", "thirty"]	[]	dertig is the Dutch number word for 30, first introduced in Chapter 44. This direction tests number words to Arabic digits in a literal reading context.	["nl.numeral.dertig", "nl.numeral.dertig.thirty"]	[]	[]	units/dutch-core/chapter-044-books-for-the-reading-club/chapter.md	Narrative > paragraph 1 > sentence 2	Er staan dertig kinderboeken op de eerste plank.	["Er staan dertig kinderboeken op de eerste plank.", "De club heeft vijfendertig leesboeken en veertig tijdschriften."]	["dutch", "review-deck", "chapter-041-045", "vocabulary", "number", "words-to-digits", "target-to-source"]
nl-core-review-041-045/nl-numeral-dertig-thirty/source-to-target	Chapter 41-45	vocabulary	44	en	nl	30	["dertig"]	[]	30 reviews the canonical Dutch number word dertig, first introduced in Chapter 44. This direction tests Arabic digits to Dutch number words in a literal reading context.	["nl.numeral.dertig", "nl.numeral.dertig.thirty"]	[]	[]	units/dutch-core/chapter-044-books-for-the-reading-club/chapter.md	Narrative > paragraph 1 > sentence 2	Er staan dertig kinderboeken op de eerste plank.	["Er staan dertig kinderboeken op de eerste plank.", "De club heeft vijfendertig leesboeken en veertig tijdschriften."]	["dutch", "review-deck", "chapter-041-045", "vocabulary", "number", "digits-to-words", "source-to-target"]
nl-core-review-041-045/nl-numeral-veertig-forty/target-to-source	Chapter 41-45	vocabulary	44	nl	en	veertig	["40", "forty"]	[]	veertig is the Dutch number word for 40, first introduced in Chapter 44. This direction tests number words to Arabic digits in a literal reading context.	["nl.numeral.veertig", "nl.numeral.veertig.forty"]	[]	[]	units/dutch-core/chapter-044-books-for-the-reading-club/chapter.md	Narrative > paragraph 2 > sentence 1	De club heeft vijfendertig leesboeken en veertig tijdschriften.	["De club heeft vijfendertig leesboeken en veertig tijdschriften.", "Lotte telt achtenveertig namen op de ledenlijst."]	["dutch", "review-deck", "chapter-041-045", "vocabulary", "number", "words-to-digits", "target-to-source"]
nl-core-review-041-045/nl-numeral-veertig-forty/source-to-target	Chapter 41-45	vocabulary	44	en	nl	40	["veertig"]	[]	40 reviews the canonical Dutch number word veertig, first introduced in Chapter 44. This direction tests Arabic digits to Dutch number words in a literal reading context.	["nl.numeral.veertig", "nl.numeral.veertig.forty"]	[]	[]	units/dutch-core/chapter-044-books-for-the-reading-club/chapter.md	Narrative > paragraph 2 > sentence 1	De club heeft vijfendertig leesboeken en veertig tijdschriften.	["De club heeft vijfendertig leesboeken en veertig tijdschriften.", "Lotte telt achtenveertig namen op de ledenlijst."]	["dutch", "review-deck", "chapter-041-045", "vocabulary", "number", "digits-to-words", "source-to-target"]
nl-core-review-041-045/nl-numeral-vijftig-fifty/target-to-source	Chapter 41-45	vocabulary	44	nl	en	vijftig	["50", "fifty"]	[]	vijftig is the Dutch number word for 50, first introduced in Chapter 44. This direction tests number words to Arabic digits in a literal reading context.	["nl.numeral.vijftig", "nl.numeral.vijftig.fifty"]	[]	[]	units/dutch-core/chapter-044-books-for-the-reading-club/chapter.md	Narrative > paragraph 2 > sentence 3	Milan verwacht vijftig bezoekers in de maand.	["Milan verwacht vijftig bezoekers in de maand."]	["dutch", "review-deck", "chapter-041-045", "vocabulary", "number", "words-to-digits", "target-to-source"]
nl-core-review-041-045/nl-numeral-vijftig-fifty/source-to-target	Chapter 41-45	vocabulary	44	en	nl	50	["vijftig"]	[]	50 reviews the canonical Dutch number word vijftig, first introduced in Chapter 44. This direction tests Arabic digits to Dutch number words in a literal reading context.	["nl.numeral.vijftig", "nl.numeral.vijftig.fifty"]	[]	[]	units/dutch-core/chapter-044-books-for-the-reading-club/chapter.md	Narrative > paragraph 2 > sentence 3	Milan verwacht vijftig bezoekers in de maand.	["Milan verwacht vijftig bezoekers in de maand."]	["dutch", "review-deck", "chapter-041-045", "vocabulary", "number", "digits-to-words", "source-to-target"]
nl-core-review-041-045/nl-numeral-eenentwintig-twenty-one/target-to-source	Chapter 41-45	vocabulary	44	nl	en	eenentwintig	["21", "twenty-one"]	[]	eenentwintig is the Dutch number word for 21, first introduced in Chapter 44. This direction tests number words to Arabic digits in a literal reading context.	["nl.numeral.eenentwintig", "nl.numeral.eenentwintig.twenty-one"]	[]	[]	units/dutch-core/chapter-044-books-for-the-reading-club/chapter.md	Narrative > paragraph 1 > sentence 4	Milan brengt eenentwintig nieuwe boeken binnen.	["Milan brengt eenentwintig nieuwe boeken binnen."]	["dutch", "review-deck", "chapter-041-045", "vocabulary", "number", "words-to-digits", "target-to-source"]
nl-core-review-041-045/nl-numeral-eenentwintig-twenty-one/source-to-target	Chapter 41-45	vocabulary	44	en	nl	21	["eenentwintig"]	[]	21 reviews the canonical Dutch number word eenentwintig, first introduced in Chapter 44. This direction tests Arabic digits to Dutch number words in a literal reading context.	["nl.numeral.eenentwintig", "nl.numeral.eenentwintig.twenty-one"]	[]	[]	units/dutch-core/chapter-044-books-for-the-reading-club/chapter.md	Narrative > paragraph 1 > sentence 4	Milan brengt eenentwintig nieuwe boeken binnen.	["Milan brengt eenentwintig nieuwe boeken binnen."]	["dutch", "review-deck", "chapter-041-045", "vocabulary", "number", "digits-to-words", "source-to-target"]
nl-core-review-041-045/nl-numeral-vijfendertig-thirty-five/target-to-source	Chapter 41-45	vocabulary	44	nl	en	vijfendertig	["35", "thirty-five"]	[]	vijfendertig is the Dutch number word for 35, first introduced in Chapter 44. This direction tests number words to Arabic digits in a literal reading context.	["nl.numeral.vijfendertig", "nl.numeral.vijfendertig.thirty-five"]	[]	[]	units/dutch-core/chapter-044-books-for-the-reading-club/chapter.md	Narrative > paragraph 2 > sentence 1	De club heeft vijfendertig leesboeken en veertig tijdschriften.	["De club heeft vijfendertig leesboeken en veertig tijdschriften."]	["dutch", "review-deck", "chapter-041-045", "vocabulary", "number", "words-to-digits", "target-to-source"]
nl-core-review-041-045/nl-numeral-vijfendertig-thirty-five/source-to-target	Chapter 41-45	vocabulary	44	en	nl	35	["vijfendertig"]	[]	35 reviews the canonical Dutch number word vijfendertig, first introduced in Chapter 44. This direction tests Arabic digits to Dutch number words in a literal reading context.	["nl.numeral.vijfendertig", "nl.numeral.vijfendertig.thirty-five"]	[]	[]	units/dutch-core/chapter-044-books-for-the-reading-club/chapter.md	Narrative > paragraph 2 > sentence 1	De club heeft vijfendertig leesboeken en veertig tijdschriften.	["De club heeft vijfendertig leesboeken en veertig tijdschriften."]	["dutch", "review-deck", "chapter-041-045", "vocabulary", "number", "digits-to-words", "source-to-target"]
nl-core-review-041-045/nl-numeral-achtenveertig-forty-eight/target-to-source	Chapter 41-45	vocabulary	44	nl	en	achtenveertig	["48", "forty-eight"]	[]	achtenveertig is the Dutch number word for 48, first introduced in Chapter 44. This direction tests number words to Arabic digits in a literal reading context.	["nl.numeral.achtenveertig", "nl.numeral.achtenveertig.forty-eight"]	[]	[]	units/dutch-core/chapter-044-books-for-the-reading-club/chapter.md	Narrative > paragraph 2 > sentence 2	Lotte telt achtenveertig namen op de ledenlijst.	["Lotte telt achtenveertig namen op de ledenlijst."]	["dutch", "review-deck", "chapter-041-045", "vocabulary", "number", "words-to-digits", "target-to-source"]
nl-core-review-041-045/nl-numeral-achtenveertig-forty-eight/source-to-target	Chapter 41-45	vocabulary	44	en	nl	48	["achtenveertig"]	[]	48 reviews the canonical Dutch number word achtenveertig, first introduced in Chapter 44. This direction tests Arabic digits to Dutch number words in a literal reading context.	["nl.numeral.achtenveertig", "nl.numeral.achtenveertig.forty-eight"]	[]	[]	units/dutch-core/chapter-044-books-for-the-reading-club/chapter.md	Narrative > paragraph 2 > sentence 2	Lotte telt achtenveertig namen op de ledenlijst.	["Lotte telt achtenveertig namen op de ledenlijst."]	["dutch", "review-deck", "chapter-041-045", "vocabulary", "number", "digits-to-words", "source-to-target"]
nl-core-review-041-045/nl-noun-voorraadlijst-inventory-list/target-to-source	Chapter 41-45	vocabulary	44	nl	en	de voorraadlijst	["inventory list"]	[]	de voorraadlijst reviews the canonical inventory list sense first introduced in Chapter 44.	["nl.noun.voorraadlijst", "nl.noun.voorraadlijst.inventory-list"]	[]	[]	units/dutch-core/chapter-044-books-for-the-reading-club/chapter.md	Narrative > paragraph 1 > sentence 1	Oma Anja leest de voorraadlijst van de club.	["Oma Anja leest de voorraadlijst van de club.", "Milan schrijft alles zorgvuldig op de voorraadlijst."]	["dutch", "review-deck", "chapter-041-045", "vocabulary", "target-to-source"]
nl-core-review-041-045/nl-noun-voorraadlijst-inventory-list/source-to-target	Chapter 41-45	vocabulary	44	en	nl	inventory list	["de voorraadlijst"]	[]	inventory list reviews the canonical de voorraadlijst sense first introduced in Chapter 44.	["nl.noun.voorraadlijst", "nl.noun.voorraadlijst.inventory-list"]	[]	[]	units/dutch-core/chapter-044-books-for-the-reading-club/chapter.md	Narrative > paragraph 1 > sentence 1	Oma Anja leest de voorraadlijst van de club.	["Oma Anja leest de voorraadlijst van de club.", "Milan schrijft alles zorgvuldig op de voorraadlijst."]	["dutch", "review-deck", "chapter-041-045", "vocabulary", "source-to-target"]
nl-core-review-041-045/nl-verb-vergelijken-compare/target-to-source	Chapter 41-45	vocabulary	44	nl	en	vergelijken	["compares"]	[]	vergelijken reviews the canonical lexical sense first introduced in Chapter 44.	["nl.verb.vergelijken", "nl.verb.vergelijken.compare"]	[]	[]	units/dutch-core/chapter-044-books-for-the-reading-club/chapter.md	Narrative > paragraph 3 > sentence 1	Oma Anja vergelijkt de nieuwe voorraad met de oude lijst.	["Oma Anja vergelijkt de nieuwe voorraad met de oude lijst."]	["dutch", "review-deck", "chapter-041-045", "vocabulary", "target-to-source"]
nl-core-review-041-045/nl-verb-vergelijken-compare/source-to-target	Chapter 41-45	vocabulary	44	en	nl	compares	["vergelijken"]	[]	vergelijken reviews the canonical lexical sense first introduced in Chapter 44.	["nl.verb.vergelijken", "nl.verb.vergelijken.compare"]	[]	[]	units/dutch-core/chapter-044-books-for-the-reading-club/chapter.md	Narrative > paragraph 3 > sentence 1	Oma Anja vergelijkt de nieuwe voorraad met de oude lijst.	["Oma Anja vergelijkt de nieuwe voorraad met de oude lijst."]	["dutch", "review-deck", "chapter-041-045", "vocabulary", "source-to-target"]
nl-core-review-041-045/nl-conjunction-ook-al-concession-condition/target-to-source	Chapter 41-45	vocabulary	45	nl	en	ook al	["even though"]	[]	ook al reviews the canonical even though sense first introduced in Chapter 45.	["nl.conjunction.ook-al", "nl.conjunction.ook-al.concession-condition"]	[]	[]	units/dutch-core/chapter-045-a-cycling-route/chapter.md	Dialogue > line 4	Ook al is die langer, hij gaat langs het water.	["Ook al is die langer, hij gaat langs het water.", "Ook al traint hij voor honderd kilometer, wij kiezen een kortere route.", "We vertrekken vroeg, ook al regent het een beetje."]	["dutch", "review-deck", "chapter-041-045", "vocabulary", "target-to-source"]
nl-core-review-041-045/nl-conjunction-ook-al-concession-condition/source-to-target	Chapter 41-45	vocabulary	45	en	nl	even though	["ook al"]	[]	even though reviews the canonical ook al sense first introduced in Chapter 45.	["nl.conjunction.ook-al", "nl.conjunction.ook-al.concession-condition"]	[]	[]	units/dutch-core/chapter-045-a-cycling-route/chapter.md	Dialogue > line 4	Ook al is die langer, hij gaat langs het water.	["Ook al is die langer, hij gaat langs het water.", "Ook al traint hij voor honderd kilometer, wij kiezen een kortere route.", "We vertrekken vroeg, ook al regent het een beetje."]	["dutch", "review-deck", "chapter-041-045", "vocabulary", "source-to-target"]
nl-core-review-041-045/nl-numeral-zestig-sixty/target-to-source	Chapter 41-45	vocabulary	45	nl	en	zestig	["60", "sixty"]	[]	zestig is the Dutch number word for 60, first introduced in Chapter 45. This direction tests number words to Arabic digits in a literal reading context.	["nl.numeral.zestig", "nl.numeral.zestig.sixty"]	[]	[]	units/dutch-core/chapter-045-a-cycling-route/chapter.md	Dialogue > line 2	De korte route is zestig kilometer.	["De korte route is zestig kilometer.", "Goed, we kiezen de route van zestig kilometer."]	["dutch", "review-deck", "chapter-041-045", "vocabulary", "number", "words-to-digits", "target-to-source"]
nl-core-review-041-045/nl-numeral-zestig-sixty/source-to-target	Chapter 41-45	vocabulary	45	en	nl	60	["zestig"]	[]	60 reviews the canonical Dutch number word zestig, first introduced in Chapter 45. This direction tests Arabic digits to Dutch number words in a literal reading context.	["nl.numeral.zestig", "nl.numeral.zestig.sixty"]	[]	[]	units/dutch-core/chapter-045-a-cycling-route/chapter.md	Dialogue > line 2	De korte route is zestig kilometer.	["De korte route is zestig kilometer.", "Goed, we kiezen de route van zestig kilometer."]	["dutch", "review-deck", "chapter-041-045", "vocabulary", "number", "digits-to-words", "source-to-target"]
nl-core-review-041-045/nl-numeral-zeventig-seventy/target-to-source	Chapter 41-45	vocabulary	45	nl	en	zeventig	["70", "seventy"]	[]	zeventig is the Dutch number word for 70, first introduced in Chapter 45. This direction tests number words to Arabic digits in a literal reading context.	["nl.numeral.zeventig", "nl.numeral.zeventig.seventy"]	[]	[]	units/dutch-core/chapter-045-a-cycling-route/chapter.md	Dialogue > line 3	De tweede route is tweeënzeventig kilometer.	["De tweede route is tweeënzeventig kilometer.", "Voor ons is zeventig kilometer genoeg.", "Dan is de route van tweeënzeventig kilometer net te lang."]	["dutch", "review-deck", "chapter-041-045", "vocabulary", "number", "words-to-digits", "target-to-source"]
nl-core-review-041-045/nl-numeral-zeventig-seventy/source-to-target	Chapter 41-45	vocabulary	45	en	nl	70	["zeventig"]	[]	70 reviews the canonical Dutch number word zeventig, first introduced in Chapter 45. This direction tests Arabic digits to Dutch number words in a literal reading context.	["nl.numeral.zeventig", "nl.numeral.zeventig.seventy"]	[]	[]	units/dutch-core/chapter-045-a-cycling-route/chapter.md	Dialogue > line 3	De tweede route is tweeënzeventig kilometer.	["De tweede route is tweeënzeventig kilometer.", "Voor ons is zeventig kilometer genoeg.", "Dan is de route van tweeënzeventig kilometer net te lang."]	["dutch", "review-deck", "chapter-041-045", "vocabulary", "number", "digits-to-words", "source-to-target"]
nl-core-review-041-045/nl-numeral-tachtig-eighty/target-to-source	Chapter 41-45	vocabulary	45	nl	en	tachtig	["80", "eighty"]	[]	tachtig is the Dutch number word for 80, first introduced in Chapter 45. This direction tests number words to Arabic digits in a literal reading context.	["nl.numeral.tachtig", "nl.numeral.tachtig.eighty"]	[]	[]	units/dutch-core/chapter-045-a-cycling-route/chapter.md	Dialogue > line 5	De derde route is tachtig kilometer.	["De derde route is tachtig kilometer."]	["dutch", "review-deck", "chapter-041-045", "vocabulary", "number", "words-to-digits", "target-to-source"]
nl-core-review-041-045/nl-numeral-tachtig-eighty/source-to-target	Chapter 41-45	vocabulary	45	en	nl	80	["tachtig"]	[]	80 reviews the canonical Dutch number word tachtig, first introduced in Chapter 45. This direction tests Arabic digits to Dutch number words in a literal reading context.	["nl.numeral.tachtig", "nl.numeral.tachtig.eighty"]	[]	[]	units/dutch-core/chapter-045-a-cycling-route/chapter.md	Dialogue > line 5	De derde route is tachtig kilometer.	["De derde route is tachtig kilometer."]	["dutch", "review-deck", "chapter-041-045", "vocabulary", "number", "digits-to-words", "source-to-target"]
nl-core-review-041-045/nl-numeral-negentig-ninety/target-to-source	Chapter 41-45	vocabulary	45	nl	en	negentig	["90", "ninety"]	[]	negentig is the Dutch number word for 90, first introduced in Chapter 45. This direction tests number words to Arabic digits in a literal reading context.	["nl.numeral.negentig", "nl.numeral.negentig.ninety"]	[]	[]	units/dutch-core/chapter-045-a-cycling-route/chapter.md	Dialogue > line 6	Negentig kilometer is voor mij te ver.	["Negentig kilometer is voor mij te ver.", "Alex fietste vorig jaar negenennegentig kilometer."]	["dutch", "review-deck", "chapter-041-045", "vocabulary", "number", "words-to-digits", "target-to-source"]
nl-core-review-041-045/nl-numeral-negentig-ninety/source-to-target	Chapter 41-45	vocabulary	45	en	nl	90	["negentig"]	[]	90 reviews the canonical Dutch number word negentig, first introduced in Chapter 45. This direction tests Arabic digits to Dutch number words in a literal reading context.	["nl.numeral.negentig", "nl.numeral.negentig.ninety"]	[]	[]	units/dutch-core/chapter-045-a-cycling-route/chapter.md	Dialogue > line 6	Negentig kilometer is voor mij te ver.	["Negentig kilometer is voor mij te ver.", "Alex fietste vorig jaar negenennegentig kilometer."]	["dutch", "review-deck", "chapter-041-045", "vocabulary", "number", "digits-to-words", "source-to-target"]
nl-core-review-041-045/nl-numeral-honderd-one-hundred/target-to-source	Chapter 41-45	vocabulary	45	nl	en	honderd	["100", "one hundred"]	[]	honderd is the Dutch number word for 100, first introduced in Chapter 45. This direction tests number words to Arabic digits in a literal reading context.	["nl.numeral.honderd", "nl.numeral.honderd.one-hundred"]	[]	[]	units/dutch-core/chapter-045-a-cycling-route/chapter.md	Dialogue > line 8	Ook al traint hij voor honderd kilometer, wij kiezen een kortere route.	["Ook al traint hij voor honderd kilometer, wij kiezen een kortere route."]	["dutch", "review-deck", "chapter-041-045", "vocabulary", "number", "words-to-digits", "target-to-source"]
nl-core-review-041-045/nl-numeral-honderd-one-hundred/source-to-target	Chapter 41-45	vocabulary	45	en	nl	100	["honderd"]	[]	100 reviews the canonical Dutch number word honderd, first introduced in Chapter 45. This direction tests Arabic digits to Dutch number words in a literal reading context.	["nl.numeral.honderd", "nl.numeral.honderd.one-hundred"]	[]	[]	units/dutch-core/chapter-045-a-cycling-route/chapter.md	Dialogue > line 8	Ook al traint hij voor honderd kilometer, wij kiezen een kortere route.	["Ook al traint hij voor honderd kilometer, wij kiezen een kortere route."]	["dutch", "review-deck", "chapter-041-045", "vocabulary", "number", "digits-to-words", "source-to-target"]
nl-core-review-041-045/nl-numeral-tweeenzeventig-seventy-two/target-to-source	Chapter 41-45	vocabulary	45	nl	en	tweeënzeventig	["72", "seventy-two"]	[]	tweeënzeventig is the Dutch number word for 72, first introduced in Chapter 45. This direction tests number words to Arabic digits in a literal reading context.	["nl.numeral.tweeenzeventig", "nl.numeral.tweeenzeventig.seventy-two"]	[]	[]	units/dutch-core/chapter-045-a-cycling-route/chapter.md	Dialogue > line 3	De tweede route is tweeënzeventig kilometer.	["De tweede route is tweeënzeventig kilometer.", "Dan is de route van tweeënzeventig kilometer net te lang."]	["dutch", "review-deck", "chapter-041-045", "vocabulary", "number", "words-to-digits", "target-to-source"]
nl-core-review-041-045/nl-numeral-tweeenzeventig-seventy-two/source-to-target	Chapter 41-45	vocabulary	45	en	nl	72	["tweeënzeventig"]	[]	72 reviews the canonical Dutch number word tweeënzeventig, first introduced in Chapter 45. This direction tests Arabic digits to Dutch number words in a literal reading context.	["nl.numeral.tweeenzeventig", "nl.numeral.tweeenzeventig.seventy-two"]	[]	[]	units/dutch-core/chapter-045-a-cycling-route/chapter.md	Dialogue > line 3	De tweede route is tweeënzeventig kilometer.	["De tweede route is tweeënzeventig kilometer.", "Dan is de route van tweeënzeventig kilometer net te lang."]	["dutch", "review-deck", "chapter-041-045", "vocabulary", "number", "digits-to-words", "source-to-target"]
nl-core-review-041-045/nl-numeral-negenennegentig-ninety-nine/target-to-source	Chapter 41-45	vocabulary	45	nl	en	negenennegentig	["99", "ninety-nine"]	[]	negenennegentig is the Dutch number word for 99, first introduced in Chapter 45. This direction tests number words to Arabic digits in a literal reading context.	["nl.numeral.negenennegentig", "nl.numeral.negenennegentig.ninety-nine"]	[]	[]	units/dutch-core/chapter-045-a-cycling-route/chapter.md	Dialogue > line 7	Alex fietste vorig jaar negenennegentig kilometer.	["Alex fietste vorig jaar negenennegentig kilometer."]	["dutch", "review-deck", "chapter-041-045", "vocabulary", "number", "words-to-digits", "target-to-source"]
nl-core-review-041-045/nl-numeral-negenennegentig-ninety-nine/source-to-target	Chapter 41-45	vocabulary	45	en	nl	99	["negenennegentig"]	[]	99 reviews the canonical Dutch number word negenennegentig, first introduced in Chapter 45. This direction tests Arabic digits to Dutch number words in a literal reading context.	["nl.numeral.negenennegentig", "nl.numeral.negenennegentig.ninety-nine"]	[]	[]	units/dutch-core/chapter-045-a-cycling-route/chapter.md	Dialogue > line 7	Alex fietste vorig jaar negenennegentig kilometer.	["Alex fietste vorig jaar negenennegentig kilometer."]	["dutch", "review-deck", "chapter-041-045", "vocabulary", "number", "digits-to-words", "source-to-target"]
nl-core-review-041-045/nl-measure-kilometer-kilometer/target-to-source	Chapter 41-45	vocabulary	45	nl	en	de kilometer	["kilometer"]	[]	de kilometer reviews the canonical kilometer sense first introduced in Chapter 45.	["nl.measure.kilometer", "nl.measure.kilometer.kilometer"]	[]	[]	units/dutch-core/chapter-045-a-cycling-route/chapter.md	Dialogue > line 2	De korte route is zestig kilometer.	["De korte route is zestig kilometer.", "De tweede route is tweeënzeventig kilometer.", "De derde route is tachtig kilometer."]	["dutch", "review-deck", "chapter-041-045", "vocabulary", "target-to-source"]
nl-core-review-041-045/nl-measure-kilometer-kilometer/source-to-target	Chapter 41-45	vocabulary	45	en	nl	kilometer	["de kilometer"]	[]	kilometer reviews the canonical de kilometer sense first introduced in Chapter 45.	["nl.measure.kilometer", "nl.measure.kilometer.kilometer"]	[]	[]	units/dutch-core/chapter-045-a-cycling-route/chapter.md	Dialogue > line 2	De korte route is zestig kilometer.	["De korte route is zestig kilometer.", "De tweede route is tweeënzeventig kilometer.", "De derde route is tachtig kilometer."]	["dutch", "review-deck", "chapter-041-045", "vocabulary", "source-to-target"]
